ID,Bathrooms,Bedrooms,Erf Size,Garages,Listing Date,Price,Type of Property,Location
1003,4.0,4.0,,2.0,2019-10-28,4299000.0,House,"lat: 51.5073509,long: -0.1277583"
1011,2.0,3.0,1 733 m²,2.0,2019-06-05,2800000.0,House,"lat: 51.5073509,long: -0.1277583"
1016,2.0,3.0,987 m²,1.0,2019-10-31,980000.0,House,"lat: 51.5073509,long: -0.1277583"
1019,2.0,3.0,1 539 m²,2.0,2019-10-14,1795000.0,House,"lat: 51.5073509,long: -0.1277583"
1029,2.0,3.0,70 m²,,2019-10-02,837780.0,House,"lat: 51.5073509,long: -0.1277583"
1033,3.0,4.0,,4.0,2019-10-08,3995000.0,House,"lat: 51.5073509,long: -0.1277583"
1038,2.0,3.0,99 m²,1.0,2019-09-19,1075000.0,House,"lat: 51.5073509,long: -0.1277583"
1045,1.0,3.0,165 m²,2.0,2019-09-19,950000.0,House,"lat: 51.5073509,long: -0.1277583"
1046,2.0,4.0,1 500 m²,2.0,2019-09-13,2350000.0,House,"lat: 51.5073509,long: -0.1277583"
1051,2.0,3.0,991 m²,2.0,2019-10-10,2200000.0,House,"lat: 51.5073509,long: -0.1277583"
1052,4.0,6.0,800 m²,,2019-10-04,950000.0,House,"lat: 51.5073509,long: -0.1277583"
1054,2.0,3.0,55 m²,,2019-09-25,861010.0,House,"lat: 51.5073509,long: -0.1277583"
1060,2.0,3.0,880 m²,2.0,2019-10-19,1100000.0,House,"lat: 51.5073509,long: -0.1277583"
1065,1.0,2.0,70 m²,,2019-10-01,700000.0,Townhouse,"lat: 51.5073509,long: -0.1277583"
1068,2.0,2.0,81 m²,,2019-10-04,890000.0,Apartment / Flat,"lat: 51.5073509,long: -0.1277583"
1069,2.0,3.0,,,2019-10-18,1175000.0,Apartment / Flat,"lat: 51.5073509,long: -0.1277583"
1071,,3.0,298 m²,2.0,2019-09-02,3695000.0,House,"lat: 51.5073509,long: -0.1277583"
1074,2.0,3.0,323 m²,2.0,2019-10-19,1650000.0,Townhouse,"lat: 51.5073509,long: -0.1277583"
1091,4.0,5.0,1 200 m²,3.0,2019-10-28,8850000.0,House,"lat: 51.5073509,long: -0.1277583"
1092,3.0,3.0,112 m²,1.0,2019-09-12,1229943.0,House,"lat: 51.5073509,long: -0.1277583"
1096,1.0,3.0,55 m²,,2019-09-12,804000.0,House,"lat: 51.5073509,long: -0.1277583"
1104,2.0,2.0,120 m²,1.0,2019-09-13,1399999.0,Townhouse,"lat: 51.5073509,long: -0.1277583"
1109,1.0,3.0,800 m²,,2019-10-22,950000.0,House,"lat: 51.5073509,long: -0.1277583"
1111,2.0,3.0,331 m²,2.0,2019-09-23,1450000.0,House,"lat: 51.5073509,long: -0.1277583"
1113,7.0,7.0,656 m²,5.0,2019-09-11,5600000.0,House,"lat: 51.5073509,long: -0.1277583"
1118,,3.0,585 m²,4.0,2019-10-22,3790000.0,House,"lat: 51.5073509,long: -0.1277583"
1119,,5.0,616 m²,2.0,2019-09-17,6500000.0,House,"lat: 51.5073509,long: -0.1277583"
1123,,2.0,80 m²,,2019-09-12,860000.0,Townhouse,"lat: 51.5073509,long: -0.1277583"
1126,2.0,3.0,330 m²,2.0,2019-10-04,1595000.0,Townhouse,"lat: 51.5073509,long: -0.1277583"
1129,3.0,4.0,,2.0,2019-10-07,1495000.0,House,"lat: 51.5073509,long: -0.1277583"
1130,,5.0,919 m²,5.0,2019-09-03,7999999.0,House,"lat: 51.5073509,long: -0.1277583"
1135,2.0,3.0,,2.0,2019-10-03,1350000.0,Townhouse,"lat: 51.5073509,long: -0.1277583"
1145,2.0,4.0,470 m²,4.0,2019-09-17,2590000.0,House,"lat: 51.5073509,long: -0.1277583"
1146,1.0,2.0,50 m²,,2019-09-23,560000.0,Apartment / Flat,"lat: 51.5073509,long: -0.1277583"
1147,2.0,2.0,81 m²,,2019-09-21,1190000.0,Apartment / Flat,"lat: 51.5073509,long: -0.1277583"
1148,8.0,7.0,855 m²,3.0,2019-09-19,4250000.0,House,"lat: 51.5073509,long: -0.1277583"
1156,2.0,3.0,,2.0,2019-10-23,1750000.0,House,"lat: 51.5073509,long: -0.1277583"
1162,3.0,4.0,400 m²,4.0,2019-09-10,2795000.0,House,"lat: 51.5073509,long: -0.1277583"
1167,2.0,4.0,1 467 m²,2.0,2019-08-24,5900000.0,House,"lat: 51.5073509,long: -0.1277583"
1168,2.0,3.0,71 m²,,2019-10-16,729000.0,Apartment / Flat,"lat: 51.5073509,long: -0.1277583"
1169,3.0,3.0,99 m²,1.0,2019-09-11,1124844.0,Townhouse,"lat: 51.5073509,long: -0.1277583"
1170,1.0,2.0,50 m²,,2019-09-12,605480.0,House,"lat: 51.5073509,long: -0.1277583"
1171,2.0,4.0,992 m²,2.0,2019-09-19,2850000.0,House,"lat: 51.5073509,long: -0.1277583"
1172,1.0,2.0,45 m²,,2019-10-04,550031.0,House,"lat: 51.5073509,long: -0.1277583"
1181,2.0,3.0,991 m²,2.0,2019-10-10,2200000.0,House,"lat: 51.5073509,long: -0.1277583"
1188,2.0,3.0,1 m²,2.0,2019-09-27,1695000.0,Townhouse,"lat: 51.5073509,long: -0.1277583"
1192,2.0,3.0,1 m²,2.0,2019-09-27,1850000.0,Townhouse,"lat: 51.5073509,long: -0.1277583"
1200,2.0,3.0,124 m²,1.0,2019-09-17,1590000.0,Townhouse,"lat: 51.5073509,long: -0.1277583"
1205,2.0,3.0,98 m²,1.0,2019-09-19,1250000.0,Townhouse,"lat: 51.5073509,long: -0.1277583"
1215,2.0,3.0,500 m²,2.0,2019-10-02,2200000.0,House,"lat: 51.5073509,long: -0.1277583"
1222,2.0,2.0,50 m²,,2019-09-25,829700.0,House,"lat: 51.5073509,long: -0.1277583"
1225,1.0,3.0,55 m²,,2019-09-18,861000.0,House,"lat: 51.5073509,long: -0.1277583"
1231,3.0,3.0,99 m²,1.0,2019-09-09,1124844.0,House,"lat: 51.5073509,long: -0.1277583"
1234,2.0,3.0,142 m²,2.0,2019-10-31,1350000.0,House,"lat: 51.5073509,long: -0.1277583"
1242,3.0,4.0,889 m²,2.0,2019-09-17,1890000.0,House,"lat: 51.5073509,long: -0.1277583"
1243,,4.0,619 m²,2.0,2019-09-10,4280000.0,Townhouse,"lat: 51.5073509,long: -0.1277583"
1256,2.0,5.0,1 983 m²,2.0,2019-09-16,3700000.0,House,"lat: 51.5073509,long: -0.1277583"
1260,1.0,2.0,72 m²,,2019-10-18,725000.0,Townhouse,"lat: 51.5073509,long: -0.1277583"
1264,2.0,3.0,133 m²,,2019-10-29,1175000.0,Townhouse,"lat: 51.5073509,long: -0.1277583"
1266,2.0,3.0,56 m²,,2019-09-05,816000.0,House,"lat: 51.5073509,long: -0.1277583"
1268,1.0,2.0,50 m²,,2019-10-04,566090.0,House,"lat: 51.5073509,long: -0.1277583"
1273,3.0,5.0,992 m²,,2019-10-28,2400000.0,House,"lat: 51.5073509,long: -0.1277583"
1275,4.0,4.0,350 m²,2.0,2019-09-17,3050000.0,House,"lat: 51.5073509,long: -0.1277583"
1276,1.0,1.0,48 m²,,2019-10-07,600000.0,Townhouse,"lat: 51.5073509,long: -0.1277583"
1277,2.0,3.0,299 m²,,2019-09-19,1150000.0,House,"lat: 51.5073509,long: -0.1277583"
1278,2.0,3.0,,,2019-10-28,1190000.0,House,"lat: 51.5073509,long: -0.1277583"
1280,,5.0,1261 m²,3.0,2019-09-18,3200000.0,House,"lat: 51.5073509,long: -0.1277583"
1283,2.0,2.0,97 m²,,2019-10-12,1050000.0,Townhouse,"lat: 51.5073509,long: -0.1277583"
1285,2.0,5.0,320 m²,2.0,2018-09-11,2400000.0,House,"lat: 51.5073509,long: -0.1277583"
1289,3.0,4.0,1 080 m²,,2019-09-18,1499000.0,House,"lat: 51.5073509,long: -0.1277583"
1299,4.0,4.0,,2.0,2019-11-05,3000000.0,Apartment / Flat,"lat: 51.5073509,long: -0.1277583"
1300,2.0,3.0,,2.0,2019-11-05,1450000.0,Apartment / Flat,"lat: 51.5073509,long: -0.1277583"
1302,1.0,2.0,50 m²,,2019-09-18,605480.0,House,"lat: 51.5073509,long: -0.1277583"
1303,1.0,2.0,73 m²,,2019-10-29,749000.0,Apartment / Flat,"lat: 51.5073509,long: -0.1277583"
1304,1.0,3.0,55 m²,,2019-09-04,804905.0,House,"lat: 51.5073509,long: -0.1277583"
1310,2.0,3.0,363 m²,2.0,2019-11-02,1590000.0,Townhouse,"lat: 51.5073509,long: -0.1277583"
1314,2.0,3.0,900 m²,2.0,2019-10-11,1950000.0,House,"lat: 51.5073509,long: -0.1277583"
1315,,3.0,,3.0,2019-09-09,1595000.0,House,"lat: 51.5073509,long: -0.1277583"
1319,1.0,3.0,55 m²,,2019-08-09,804905.0,House,"lat: 51.5073509,long: -0.1277583"
1320,3.0,5.0,,3.0,2019-10-04,1990000.0,House,"lat: 51.5073509,long: -0.1277583"
1322,,3.0,,2.0,2019-09-27,1895000.0,Townhouse,"lat: 51.5073509,long: -0.1277583"
1332,2.0,4.0,,2.0,2019-10-10,2800000.0,House,"lat: 51.5073509,long: -0.1277583"
1334,2.0,2.0,98 m²,1.0,2019-09-02,880000.0,Townhouse,"lat: 51.5073509,long: -0.1277583"
1335,2.0,3.0,184 m²,1.0,2019-09-11,1650000.0,Townhouse,"lat: 51.5073509,long: -0.1277583"
1336,2.0,3.0,185 m²,2.0,2019-10-03,1599000.0,Townhouse,"lat: 51.5073509,long: -0.1277583"
1339,2.0,3.0,56 m²,,2019-09-12,816000.0,House,"lat: 51.5073509,long: -0.1277583"
1341,3.0,4.0,300 m²,2.0,2019-09-04,2695000.0,House,"lat: 51.5073509,long: -0.1277583"
1350,2.0,3.0,112 m²,1.0,2019-10-14,880000.0,Apartment / Flat,"lat: 51.5073509,long: -0.1277583"
1354,,,325 m²,,2019-09-17,1695000.0,House,"lat: 51.5073509,long: -0.1277583"
1361,2.0,3.0,60 m²,,2019-10-02,565000.0,House,"lat: 51.5073509,long: -0.1277583"
1366,1.0,2.0,,,2019-11-06,650000.0,Townhouse,"lat: 51.5073509,long: -0.1277583"
1371,1.0,2.0,74 m²,,2019-10-13,770000.0,Townhouse,"lat: 51.5073509,long: -0.1277583"
1374,2.0,2.0,99 m²,,2019-09-06,820000.0,Townhouse,"lat: 51.5073509,long: -0.1277583"
1376,5.0,5.0,1100 m²,4.0,2019-08-20,14999000.0,House,"lat: 51.5073509,long: -0.1277583"
1381,2.0,3.0,160 m²,2.0,2019-10-26,1620000.0,House,"lat: 51.5073509,long: -0.1277583"
1382,3.0,3.0,255 m²,1.0,2019-10-17,2195000.0,Townhouse,"lat: 51.5073509,long: -0.1277583"
1387,3.0,4.0,800 m²,2.0,2019-10-18,950000.0,House,"lat: 51.5073509,long: -0.1277583"
1392,2.0,3.0,,1.0,2019-11-06,1300000.0,Apartment / Flat,"lat: 51.5073509,long: -0.1277583"
1395,3.0,3.0,,2.0,2019-10-17,2495000.0,Townhouse,"lat: 51.5073509,long: -0.1277583"
1397,2.0,3.0,305 m²,2.0,2019-10-14,1950000.0,House,"lat: 51.5073509,long: -0.1277583"
1399,2.0,3.0,1 687 m²,2.0,2019-09-11,1770000.0,House,"lat: 51.5073509,long: -0.1277583"
1401,2.0,2.0,72 m²,,2019-09-27,759000.0,Townhouse,"lat: 51.5073509,long: -0.1277583"
1409,1.0,2.0,35290 m²,,2019-09-03,710000.0,Townhouse,"lat: 51.5073509,long: -0.1277583"
1413,2.0,3.0,99 m²,1.0,2019-09-15,1075000.0,House,"lat: 51.5073509,long: -0.1277583"
1429,,4.0,,2.0,2019-10-16,3250000.0,Townhouse,"lat: 51.5073509,long: -0.1277583"
1432,,4.0,537 m²,2.0,2019-09-06,4999000.0,House,"lat: 51.5073509,long: -0.1277583"
1434,,4.0,603 m²,2.0,2019-09-25,6300000.0,House,"lat: 51.5073509,long: -0.1277583"
1435,3.0,3.0,1 080 m²,2.0,2019-08-27,3500000.0,House,"lat: 51.5073509,long: -0.1277583"
1438,2.0,3.0,,,2019-10-31,1280000.0,House,"lat: 51.5073509,long: -0.1277583"
1441,2.0,2.0,72 m²,,2019-10-09,790000.0,Apartment / Flat,"lat: 51.5073509,long: -0.1277583"
1443,2.0,4.0,990 m²,,2019-10-31,1120000.0,House,"lat: 51.5073509,long: -0.1277583"
1447,2.0,3.0,1 m²,1.0,2019-09-27,1020000.0,House,"lat: 51.5073509,long: -0.1277583"
1451,2.0,3.0,23 237 m²,2.0,2019-10-10,1060000.0,House,"lat: 51.5073509,long: -0.1277583"
1453,,3.0,,2.0,2019-10-18,1960000.0,Townhouse,"lat: 51.5073509,long: -0.1277583"
1456,2.0,6.0,,,2019-10-29,980000.0,House,"lat: 51.5073509,long: -0.1277583"
1461,2.0,2.0,,,2019-10-21,799000.0,Townhouse,"lat: 51.5073509,long: -0.1277583"
1462,2.0,3.0,1 254 m²,3.0,2019-09-23,3150000.0,House,"lat: 51.5073509,long: -0.1277583"
1470,2.0,3.0,,2.0,2019-11-03,1590000.0,House,"lat: 51.5073509,long: -0.1277583"
1479,2.0,3.0,1 080 m²,3.0,2019-09-23,1750000.0,House,"lat: 51.5073509,long: -0.1277583"
1490,1.0,2.0,70 m²,,2019-09-03,720000.0,Apartment / Flat,"lat: 51.5073509,long: -0.1277583"
1497,2.0,3.0,1 m²,3.0,2019-09-14,995000.0,House,"lat: 51.5073509,long: -0.1277583"
1498,2.0,3.0,154 m²,1.0,2019-10-08,1250000.0,Townhouse,"lat: 51.5073509,long: -0.1277583"
1501,3.0,3.0,,2.0,2019-10-25,1880000.0,House,"lat: 51.5073509,long: -0.1277583"
1503,2.0,3.0,97 m²,1.0,2019-10-29,1199000.0,House,"lat: 51.5073509,long: -0.1277583"
1513,3.0,3.0,119 m²,1.0,2019-05-28,1089000.0,Apartment / Flat,"lat: 51.5073509,long: -0.1277583"
1516,2.0,3.0,212 m²,2.0,2019-10-13,2600000.0,Townhouse,"lat: 51.5073509,long: -0.1277583"
1522,2.0,3.0,175 m²,2.0,2019-08-27,1375000.0,House,"lat: 51.5073509,long: -0.1277583"
1526,,3.0,308 m²,2.0,2019-08-28,1550000.0,House,"lat: 51.5073509,long: -0.1277583"
1529,2.0,3.0,921 m²,2.0,2019-08-23,2095000.0,House,"lat: 51.5073509,long: -0.1277583"
1536,2.0,3.0,55 m²,,2019-08-22,861010.0,Townhouse,"lat: 51.5073509,long: -0.1277583"
1537,2.0,4.0,450 m²,2.0,2019-10-02,1250000.0,House,"lat: 51.5073509,long: -0.1277583"
1541,2.0,3.0,150 m²,,2019-09-03,790000.0,House,"lat: 51.5073509,long: -0.1277583"
1544,2.0,3.0,55 m²,,2019-08-20,861010.0,House,"lat: 51.5073509,long: -0.1277583"
1546,2.0,4.0,,1.0,2019-11-04,1150000.0,Townhouse,"lat: 51.5073509,long: -0.1277583"
1548,1.0,1.0,53 m²,,2019-08-22,730000.0,House,"lat: 51.5073509,long: -0.1277583"
1552,2.0,3.0,91 m²,,2019-09-16,990000.0,Townhouse,"lat: 51.5073509,long: -0.1277583"
1554,2.0,3.0,126 m²,1.0,2019-10-08,1350000.0,Townhouse,"lat: 51.5073509,long: -0.1277583"
1558,,4.0,2 414 m²,2.0,2019-08-07,2200000.0,House,"lat: 51.5073509,long: -0.1277583"
1559,3.0,4.0,,3.0,2019-09-11,2600000.0,House,"lat: 51.5073509,long: -0.1277583"
1567,2.0,3.0,366 m²,4.0,2019-09-19,1675000.0,Apartment / Flat,"lat: 51.5073509,long: -0.1277583"
1572,3.0,4.0,1 500 m²,2.0,2019-09-19,1990000.0,House,"lat: 51.5073509,long: -0.1277583"
1575,2.0,3.0,99 m²,1.0,2019-09-07,1075000.0,House,"lat: 51.5073509,long: -0.1277583"
1576,4.0,4.0,1546 m²,3.0,2019-08-23,4099000.0,House,"lat: 51.5073509,long: -0.1277583"
1586,3.0,4.0,1 m²,,2019-08-18,2350000.0,House,"lat: 51.5073509,long: -0.1277583"
1588,2.0,3.0,1 345 m²,3.0,2019-08-21,2400000.0,House,"lat: 51.5073509,long: -0.1277583"
1593,2.0,3.0,200 m²,,2019-10-10,1650000.0,House,"lat: 51.5073509,long: -0.1277583"
1594,2.0,3.0,56 m²,,2019-09-06,815000.0,House,"lat: 51.5073509,long: -0.1277583"
1598,2.0,3.0,535 m²,1.0,2019-08-26,2300000.0,House,"lat: 51.5073509,long: -0.1277583"
1600,3.0,4.0,1 400 m²,1.0,2019-08-27,2695000.0,House,"lat: 51.5073509,long: -0.1277583"
1602,,3.0,,2.0,2019-10-26,1960000.0,House,"lat: 51.5073509,long: -0.1277583"
1603,,3.0,,2.0,2019-10-26,1960000.0,House,"lat: 51.5073509,long: -0.1277583"
1606,2.0,2.0,84 m²,,2019-09-17,1599000.0,Apartment / Flat,"lat: 51.5073509,long: -0.1277583"
1607,,3.0,225 m²,,2019-09-06,1995000.0,Apartment / Flat,"lat: 51.5073509,long: -0.1277583"
1608,2.0,2.0,98 m²,1.0,2019-09-06,880000.0,Apartment / Flat,"lat: 51.5073509,long: -0.1277583"
1611,1.0,2.0,50 m²,,2019-08-13,829700.0,House,"lat: 51.5073509,long: -0.1277583"
1613,1.0,1.0,43 m²,1.0,2019-10-07,890000.0,Apartment / Flat,"lat: 51.5073509,long: -0.1277583"
1627,2.0,3.0,270 m²,,2019-09-27,960000.0,House,"lat: 51.5073509,long: -0.1277583"
1628,1.0,2.0,1 215 m²,,2019-10-09,760000.0,House,"lat: 51.5073509,long: -0.1277583"
1632,2.0,3.0,44000 m²,4.0,2019-09-05,1995000.0,House,"lat: 51.5073509,long: -0.1277583"
1633,3.0,4.0,1398 m²,4.0,2019-08-13,4450000.0,House,"lat: 51.5073509,long: -0.1277583"
1636,1.0,2.0,46 m²,,2019-09-16,455000.0,House,"lat: 51.5073509,long: -0.1277583"
1637,1.0,2.0,78 m²,,2019-09-21,795000.0,Apartment / Flat,"lat: 51.5073509,long: -0.1277583"
1639,2.0,3.0,155 m²,2.0,2019-09-06,1320000.0,Townhouse,"lat: 51.5073509,long: -0.1277583"
1640,2.0,3.0,184 m²,1.0,2019-09-16,1650000.0,House,"lat: 51.5073509,long: -0.1277583"
1646,2.0,3.0,,,2019-10-24,750000.0,House,"lat: 51.5073509,long: -0.1277583"
1648,2.0,2.0,135 m²,,2019-10-07,1020000.0,Townhouse,"lat: 51.5073509,long: -0.1277583"
1651,1.0,2.0,120 m²,2.0,2019-09-11,1250000.0,House,"lat: 51.5073509,long: -0.1277583"
1663,2.0,3.0,165 m²,2.0,2019-07-31,1799000.0,Townhouse,"lat: 51.5073509,long: -0.1277583"
1667,3.0,5.0,992 m²,,2019-09-27,2400000.0,House,"lat: 51.5073509,long: -0.1277583"
1674,2.0,4.0,1 400 m²,2.0,2019-10-11,2500000.0,House,"lat: 51.5073509,long: -0.1277583"
1679,6.0,16.0,18 000 m²,1.0,2019-10-04,2950000.0,House,"lat: 51.5073509,long: -0.1277583"
1680,2.0,3.0,,2.0,2019-09-25,2295000.0,House,"lat: 51.5073509,long: -0.1277583"
1689,,3.0,451 m²,,2019-09-18,840000.0,House,"lat: 51.5073509,long: -0.1277583"
1693,2.0,3.0,1 619 m²,2.0,2019-10-21,2750000.0,House,"lat: 51.5073509,long: -0.1277583"
1696,3.0,3.0,409 m²,2.0,2019-09-21,2750000.0,Townhouse,"lat: 51.5073509,long: -0.1277583"
1700,1.0,2.0,,,2019-10-09,430000.0,House,"lat: 51.5073509,long: -0.1277583"
1702,3.0,3.0,,2.0,2019-08-19,2250000.0,House,"lat: 51.5073509,long: -0.1277583"
1710,1.0,2.0,56 m²,,2019-08-20,730000.0,House,"lat: 51.5073509,long: -0.1277583"
1716,2.0,3.0,802 m²,2.0,2019-08-17,1695000.0,House,"lat: 51.5073509,long: -0.1277583"
1720,2.0,3.0,150 m²,,2019-07-30,599000.0,House,"lat: 51.5073509,long: -0.1277583"
1721,3.0,4.0,1 487 m²,2.0,2019-09-13,2095000.0,House,"lat: 51.5073509,long: -0.1277583"
1724,2.0,3.0,206 m²,1.0,2019-08-14,1825000.0,Townhouse,"lat: 51.5073509,long: -0.1277583"
1730,2.0,3.0,,2.0,2019-08-14,1690000.0,House,"lat: 51.5073509,long: -0.1277583"
1734,,,1 m²,,2019-08-31,1250000.0,House,"lat: 51.5073509,long: -0.1277583"
1737,3.0,3.0,154 m²,1.0,2019-07-25,1075789.0,House,"lat: 51.5073509,long: -0.1277583"
1738,2.0,3.0,93 m²,1.0,2019-08-09,1060000.0,Townhouse,"lat: 51.5073509,long: -0.1277583"
1741,1.0,3.0,989 m²,1.0,2019-08-16,970000.0,House,"lat: 51.5073509,long: -0.1277583"
1743,,4.0,800 m²,4.0,2019-09-19,14999000.0,House,"lat: 51.5073509,long: -0.1277583"
1746,1.0,2.0,96 m²,,2019-08-06,630000.0,Apartment / Flat,"lat: 51.5073509,long: -0.1277583"
1753,2.0,4.0,1 487 m²,2.0,2019-08-13,1850000.0,House,"lat: 51.5073509,long: -0.1277583"
1758,2.0,3.0,55 m²,,2019-07-04,815000.0,House,"lat: 51.5073509,long: -0.1277583"
1759,,4.0,912 m²,2.0,2019-08-22,3400000.0,House,"lat: 51.5073509,long: -0.1277583"
1760,4.0,4.0,300 m²,2.0,2019-08-06,4250000.0,House,"lat: 51.5073509,long: -0.1277583"
1764,2.0,3.0,,2.0,2019-09-03,1750000.0,House,"lat: 51.5073509,long: -0.1277583"
1765,,4.0,1 m²,6.0,2019-08-20,2500000.0,House,"lat: 51.5073509,long: -0.1277583"
1769,1.0,2.0,,,2019-09-17,750000.0,Townhouse,"lat: 51.5073509,long: -0.1277583"
1770,2.0,3.0,338 m²,2.0,2019-08-22,1695000.0,House,"lat: 51.5073509,long: -0.1277583"
1773,2.0,3.0,1 m²,2.0,2019-08-29,1899000.0,House,"lat: 51.5073509,long: -0.1277583"
1776,1.0,2.0,74 m²,,2019-10-15,549000.0,Apartment / Flat,"lat: 51.5073509,long: -0.1277583"
1783,1.0,2.0,66 m²,,2019-09-10,645000.0,Townhouse,"lat: 51.5073509,long: -0.1277583"
1787,2.0,4.0,,3.0,2019-10-29,2250000.0,Townhouse,"lat: 51.5073509,long: -0.1277583"
1792,1.0,2.0,220 m²,,2019-10-03,400000.0,House,"lat: 51.5073509,long: -0.1277583"
1799,3.0,5.0,,2.0,2019-10-16,2800000.0,House,"lat: 51.5073509,long: -0.1277583"
1804,2.0,3.0,302 m²,2.0,2019-08-30,1750000.0,Townhouse,"lat: 51.5073509,long: -0.1277583"
1805,2.0,3.0,,2.0,2019-11-01,2500000.0,House,"lat: 51.5073509,long: -0.1277583"
1808,3.0,4.0,,,2019-10-01,1350000.0,House,"lat: 51.5073509,long: -0.1277583"
1811,2.0,3.0,,2.0,2019-09-20,2650000.0,House,"lat: 51.5073509,long: -0.1277583"
1812,2.0,4.0,746 m²,2.0,2019-09-12,2750000.0,House,"lat: 51.5073509,long: -0.1277583"
1823,2.0,3.0,80 m²,,2019-08-28,753000.0,House,"lat: 51.5073509,long: -0.1277583"
1825,2.0,3.0,,,2019-08-22,855000.0,Townhouse,"lat: 51.5073509,long: -0.1277583"
1839,2.0,3.0,104 m²,2.0,2019-08-26,830000.0,House,"lat: 51.5073509,long: -0.1277583"
1844,,3.0,1 m²,2.0,2019-08-12,1595000.0,House,"lat: 51.5073509,long: -0.1277583"
1853,2.0,3.0,110 m²,,2019-08-21,1075000.0,Townhouse,"lat: 51.5073509,long: -0.1277583"
1855,2.0,4.0,1 001 m²,,2019-08-19,1490000.0,House,"lat: 51.5073509,long: -0.1277583"
1856,3.0,5.0,,2.0,2019-08-19,3850000.0,House,"lat: 51.5073509,long: -0.1277583"
1860,2.0,2.0,88 m²,,2019-10-11,900000.0,Townhouse,"lat: 51.5073509,long: -0.1277583"
1865,2.0,4.0,,2.0,2019-09-11,2600000.0,House,"lat: 51.5073509,long: -0.1277583"
1866,3.0,4.0,1 357 m²,2.0,2019-09-16,1349000.0,House,"lat: 51.5073509,long: -0.1277583"
1869,2.0,2.0,98 m²,,2019-08-26,939000.0,Apartment / Flat,"lat: 51.5073509,long: -0.1277583"
1875,2.0,3.0,60 m²,,2019-09-25,495000.0,House,"lat: 51.5073509,long: -0.1277583"
1878,,5.0,1 385 m²,5.0,2019-08-15,3150000.0,House,"lat: 51.5073509,long: -0.1277583"
1879,2.0,3.0,,,2019-10-24,1295000.0,Townhouse,"lat: 51.5073509,long: -0.1277583"
1880,1.0,2.0,123 m²,2.0,2019-09-25,995000.0,Townhouse,"lat: 51.5073509,long: -0.1277583"
1881,,4.0,1 086 m²,2.0,2019-09-25,2199000.0,House,"lat: 51.5073509,long: -0.1277583"
1882,3.0,5.0,,6.0,2019-10-10,2250000.0,House,"lat: 51.5073509,long: -0.1277583"
1888,3.0,4.0,1 547 m²,2.0,2019-08-16,1750000.0,House,"lat: 51.5073509,long: -0.1277583"
1896,2.0,3.0,131 m²,1.0,2019-09-27,1399000.0,Townhouse,"lat: 51.5073509,long: -0.1277583"
1899,1.0,2.0,67 m²,,2019-07-29,575000.0,Apartment / Flat,"lat: 51.5073509,long: -0.1277583"
1900,2.0,3.0,240 m²,2.0,2019-08-28,1850000.0,Townhouse,"lat: 51.5073509,long: -0.1277583"
1907,2.0,4.0,,2.0,2019-10-10,1799000.0,House,"lat: 51.5073509,long: -0.1277583"
1911,1.0,2.0,64 m²,,2019-08-23,530000.0,Townhouse,"lat: 51.5073509,long: -0.1277583"
1912,1.0,2.0,40 m²,,2019-08-23,573160.0,House,"lat: 51.5073509,long: -0.1277583"
1914,2.0,3.0,930 m²,2.0,2019-08-01,1695000.0,House,"lat: 51.5073509,long: -0.1277583"
1915,5.0,6.0,1 983 m²,5.0,2019-09-20,3300000.0,House,"lat: 51.5073509,long: -0.1277583"
1922,2.0,3.0,200 m²,2.0,2019-07-29,2495000.0,House,"lat: 51.5073509,long: -0.1277583"
1928,2.0,3.0,,2.0,2019-10-30,1395000.0,House,"lat: 51.5073509,long: -0.1277583"
1930,2.0,4.0,,2.0,2019-10-30,2779000.0,House,"lat: 51.5073509,long: -0.1277583"
1931,2.0,2.0,89 m²,1.0,2019-08-12,710000.0,Apartment / Flat,"lat: 51.5073509,long: -0.1277583"
1932,2.0,3.0,,1.0,2019-10-25,1650000.0,House,"lat: 51.5073509,long: -0.1277583"
1942,2.0,3.0,,6.0,2019-09-10,3000000.0,House,"lat: 51.5073509,long: -0.1277583"
1946,,2.0,111 m²,,2019-07-16,1080000.0,Townhouse,"lat: 51.5073509,long: -0.1277583"
1948,2.0,4.0,242 m²,,2019-08-21,1650000.0,House,"lat: 51.5073509,long: -0.1277583"
1949,1.0,2.0,68 m²,,2019-09-28,780000.0,Townhouse,"lat: 51.5073509,long: -0.1277583"
1951,2.0,2.0,426 m²,2.0,2019-09-15,2549000.0,House,"lat: 51.5073509,long: -0.1277583"
1952,4.0,4.0,700 m²,2.0,2019-09-12,5250000.0,House,"lat: 51.5073509,long: -0.1277583"
1955,2.0,3.0,500 m²,2.0,2019-07-29,2375000.0,House,"lat: 51.5073509,long: -0.1277583"
1958,2.0,3.0,,2.0,2019-10-14,1800000.0,House,"lat: 51.5073509,long: -0.1277583"
1965,2.0,3.0,99 m²,1.0,2019-08-20,1075000.0,House,"lat: 51.5073509,long: -0.1277583"
1968,2.0,4.0,,,2019-10-01,2950000.0,House,"lat: 51.5073509,long: -0.1277583"
1970,2.0,3.0,991 m²,,2019-10-09,1250000.0,House,"lat: 51.5073509,long: -0.1277583"
1972,1.0,2.0,,,2019-10-23,820000.0,Apartment / Flat,"lat: 51.5073509,long: -0.1277583"
1978,2.0,9.0,,,2019-10-17,950000.0,House,"lat: 51.5073509,long: -0.1277583"
1981,2.0,3.0,,2.0,2019-10-10,2200000.0,House,"lat: 51.5073509,long: -0.1277583"
1995,2.0,3.0,1 005 m²,2.0,2019-10-02,1250000.0,House,"lat: 51.5073509,long: -0.1277583"
1996,2.0,3.0,,2.0,2019-08-19,1890000.0,House,"lat: 51.5073509,long: -0.1277583"
1998,,3.0,225 m²,1.0,2019-09-04,1995000.0,Townhouse,"lat: 51.5073509,long: -0.1277583"
1999,2.0,3.0,,,2019-10-15,839900.0,House,"lat: 51.5073509,long: -0.1277583"
1,2.0,3.0,990 m²,2.0,2019-07-16,1395000.0,House,"lat: 51.5073509,long: -0.1277583"
2000,1.0,2.0,79 m²,,2019-09-30,699000.0,Townhouse,"lat: 51.5073509,long: -0.1277583"
2001,2.0,4.0,360 m²,2.0,2019-06-25,2350000.0,House,"lat: 51.5073509,long: -0.1277583"
2006,2.0,3.0,129 m²,2.0,2019-09-06,1100000.0,House,"lat: 51.5073509,long: -0.1277583"
2008,1.0,2.0,76 m²,,2019-07-19,750000.0,Townhouse,"lat: 51.5073509,long: -0.1277583"
2011,3.0,4.0,570 m²,2.0,2019-07-22,2550000.0,House,"lat: 51.5073509,long: -0.1277583"
2013,,,90 m²,,2019-08-23,895000.0,Townhouse,"lat: 51.5073509,long: -0.1277583"
2014,2.0,3.0,141 m²,2.0,2019-08-07,1280000.0,Townhouse,"lat: 51.5073509,long: -0.1277583"
2033,1.0,1.0,58 m²,,2019-06-19,499000.0,Apartment / Flat,"lat: 51.5073509,long: -0.1277583"
2040,6.0,8.0,580 m²,2.0,2019-07-17,2595000.0,House,"lat: 51.5073509,long: -0.1277583"
2045,1.0,2.0,66 m²,,2019-09-23,600000.0,Townhouse,"lat: 51.5073509,long: -0.1277583"
2046,2.0,3.0,991 m²,,2019-10-03,1250000.0,House,"lat: 51.5073509,long: -0.1277583"
2047,2.0,3.0,1 m²,1.0,2019-08-20,1499000.0,House,"lat: 51.5073509,long: -0.1277583"
2054,3.0,3.0,136 m²,1.0,2019-08-19,1090000.0,Townhouse,"lat: 51.5073509,long: -0.1277583"
2058,,3.0,141 m²,1.0,2019-10-31,1350000.0,House,"lat: 51.5073509,long: -0.1277583"
2062,,3.0,137 m²,1.0,2019-07-31,1099000.0,Townhouse,"lat: 51.5073509,long: -0.1277583"
2063,5.0,5.0,1 950 m²,5.0,2017-12-11,18500000.0,House,"lat: 51.5073509,long: -0.1277583"
2067,2.0,4.0,1 509 m²,1.0,2019-10-04,1550000.0,House,"lat: 51.5073509,long: -0.1277583"
2068,2.0,3.0,156 m²,2.0,2019-09-13,1650000.0,Apartment / Flat,"lat: 51.5073509,long: -0.1277583"
2071,1.0,2.0,73 m²,,2019-09-17,865000.0,Townhouse,"lat: 51.5073509,long: -0.1277583"
2072,1.0,3.0,1 m²,2.0,2019-08-28,1250000.0,House,"lat: 51.5073509,long: -0.1277583"
2076,1.0,2.0,60 m²,,2019-10-10,750000.0,House,"lat: 51.5073509,long: -0.1277583"
2077,2.0,3.0,180 m²,,2019-08-21,837000.0,House,"lat: 51.5073509,long: -0.1277583"
2079,2.0,2.0,67 m²,,2019-09-06,1139000.0,Apartment / Flat,"lat: 51.5073509,long: -0.1277583"
2082,1.0,2.0,,1.0,2019-08-19,825000.0,Townhouse,"lat: 51.5073509,long: -0.1277583"
2087,2.0,2.0,102 m²,2.0,2019-09-19,1250000.0,House,"lat: 51.5073509,long: -0.1277583"
2091,2.0,4.0,8 514 m²,2.0,2019-09-11,2150000.0,House,"lat: 51.5073509,long: -0.1277583"
2094,,3.0,417 m²,2.0,2019-07-31,3325000.0,House,"lat: 51.5073509,long: -0.1277583"
2097,1.0,2.0,,1.0,2019-10-31,620000.0,Townhouse,"lat: 51.5073509,long: -0.1277583"
2098,1.0,2.0,,,2019-08-21,945000.0,Townhouse,"lat: 51.5073509,long: -0.1277583"
2103,,,,,2019-10-19,550000.0,House,"lat: 51.5073509,long: -0.1277583"
2106,2.0,5.0,123 m²,2.0,2019-07-31,1590000.0,Townhouse,"lat: 51.5073509,long: -0.1277583"
2108,1.0,3.0,180 m²,,2019-10-15,700000.0,House,"lat: 51.5073509,long: -0.1277583"
2114,1.0,4.0,,2.0,2019-08-21,1890000.0,House,"lat: 51.5073509,long: -0.1277583"
2120,2.0,4.0,220 m²,2.0,2019-07-15,1095000.0,House,"lat: 51.5073509,long: -0.1277583"
2121,1.0,3.0,75 m²,,2019-07-11,829000.0,House,"lat: 51.5073509,long: -0.1277583"
2127,1.0,2.0,,,2019-10-29,545000.0,Apartment / Flat,"lat: 51.5073509,long: -0.1277583"
2132,3.0,4.0,992 m²,2.0,2019-07-29,1799000.0,House,"lat: 51.5073509,long: -0.1277583"
2138,3.0,4.0,1 000 m²,2.0,2019-09-14,1579000.0,House,"lat: 51.5073509,long: -0.1277583"
2147,2.0,3.0,,1.0,2019-10-10,1400000.0,House,"lat: 51.5073509,long: -0.1277583"
2150,1.0,2.0,71 m²,,2019-08-01,885000.0,Townhouse,"lat: 51.5073509,long: -0.1277583"
2153,,3.0,208 m²,1.0,2019-10-07,1200000.0,House,"lat: 51.5073509,long: -0.1277583"
2156,2.0,3.0,56 m²,,2019-08-08,815000.0,House,"lat: 51.5073509,long: -0.1277583"
2165,1.0,1.0,4 361 m²,,2019-08-19,750000.0,Townhouse,"lat: 51.5073509,long: -0.1277583"
2175,,4.0,1022 m²,2.0,2019-07-11,1980000.0,House,"lat: 51.5073509,long: -0.1277583"
2177,3.0,4.0,611 m²,4.0,2019-08-01,4250000.0,House,"lat: 51.5073509,long: -0.1277583"
2182,1.0,2.0,74 m²,,2019-08-22,770000.0,Apartment / Flat,"lat: 51.5073509,long: -0.1277583"
2186,,4.0,219 m²,2.0,2019-07-08,3299000.0,Townhouse,"lat: 51.5073509,long: -0.1277583"
2198,2.0,3.0,235 m²,3.0,2019-07-04,2440000.0,House,"lat: 51.5073509,long: -0.1277583"
2201,1.0,2.0,77 m²,,2019-08-08,610000.0,Townhouse,"lat: 51.5073509,long: -0.1277583"
2203,1.0,3.0,70 m²,,2019-09-21,565000.0,Townhouse,"lat: 51.5073509,long: -0.1277583"
2206,2.0,3.0,,2.0,2019-09-25,900000.0,House,"lat: 51.5073509,long: -0.1277583"
2209,,3.0,305 m²,3.0,2018-09-25,3950000.0,House,"lat: 51.5073509,long: -0.1277583"
2211,2.0,3.0,184 m²,1.0,2019-09-11,1650000.0,Townhouse,"lat: 51.5073509,long: -0.1277583"
2212,1.0,2.0,64 m²,,2019-07-09,670000.0,Townhouse,"lat: 51.5073509,long: -0.1277583"
2215,1.0,2.0,45 m²,,2019-08-23,573160.0,House,"lat: 51.5073509,long: -0.1277583"
2227,3.0,4.0,1 m²,1.0,2019-07-04,1580000.0,House,"lat: 51.5073509,long: -0.1277583"
2228,3.0,6.0,350 m²,2.0,2019-07-03,2595000.0,House,"lat: 51.5073509,long: -0.1277583"
2230,2.0,3.0,,,2019-09-02,850000.0,House,"lat: 51.5073509,long: -0.1277583"
2237,6.0,6.0,900 m²,3.0,2019-08-30,11500000.0,House,"lat: 51.5073509,long: -0.1277583"
2238,2.0,3.0,70 m²,,2019-08-19,890000.0,House,"lat: 51.5073509,long: -0.1277583"
2243,,3.0,1 580 m²,,2019-09-26,2250000.0,House,"lat: 51.5073509,long: -0.1277583"
2244,2.0,2.0,82 m²,,2019-07-16,1100000.0,Apartment / Flat,"lat: 51.5073509,long: -0.1277583"
2251,3.0,3.0,303 m²,1.0,2019-08-30,2545000.0,House,"lat: 51.5073509,long: -0.1277583"
2256,2.0,4.0,1 543 m²,2.0,2019-06-05,1795000.0,House,"lat: 51.5073509,long: -0.1277583"
2264,1.0,2.0,,,2019-10-10,490000.0,Apartment / Flat,"lat: 51.5073509,long: -0.1277583"
2265,4.0,4.0,501 m²,,2019-06-24,6250000.0,House,"lat: 51.5073509,long: -0.1277583"
2266,2.0,3.0,859 m²,2.0,2019-08-12,2000000.0,House,"lat: 51.5073509,long: -0.1277583"
2267,2.0,4.0,265 m²,3.0,2019-09-18,1925000.0,House,"lat: 51.5073509,long: -0.1277583"
2269,,4.0,380 m²,2.0,2019-06-07,4450000.0,House,"lat: 51.5073509,long: -0.1277583"
2275,1.0,2.0,,1.0,2019-07-02,920000.0,Apartment / Flat,"lat: 51.5073509,long: -0.1277583"
2278,3.0,4.0,2 018 m²,2.0,2019-09-08,2250000.0,House,"lat: 51.5073509,long: -0.1277583"
2280,2.0,3.0,185 m²,2.0,2019-05-03,1850000.0,House,"lat: 51.5073509,long: -0.1277583"
2286,2.0,3.0,150 m²,2.0,2019-09-26,1239000.0,Townhouse,"lat: 51.5073509,long: -0.1277583"
2288,2.0,3.0,900 m²,,2019-07-26,1349000.0,House,"lat: 51.5073509,long: -0.1277583"
2290,5.0,5.0,492 m²,3.0,2019-05-25,8990000.0,House,"lat: 51.5073509,long: -0.1277583"
2298,2.0,3.0,850 m²,2.0,2019-07-16,1399000.0,House,"lat: 51.5073509,long: -0.1277583"
2299,3.0,3.0,500 m²,3.0,2019-07-16,5795000.0,House,"lat: 51.5073509,long: -0.1277583"
2301,2.0,2.0,88 m²,,2019-08-24,875000.0,Townhouse,"lat: 51.5073509,long: -0.1277583"
2308,2.0,3.0,,2.0,2019-10-15,1650000.0,House,"lat: 51.5073509,long: -0.1277583"
2333,4.0,4.0,675 m²,2.0,2019-07-01,4950000.0,House,"lat: 51.5073509,long: -0.1277583"
2335,1.0,2.0,45 m²,,2019-10-02,520000.0,House,"lat: 51.5073509,long: -0.1277583"
2339,2.0,3.0,844 m²,2.0,2019-08-15,1575000.0,House,"lat: 51.5073509,long: -0.1277583"
2342,,4.0,380 m²,2.0,2019-07-05,4480000.0,House,"lat: 51.5073509,long: -0.1277583"
2343,2.0,3.0,220 m²,2.0,2019-08-15,1395000.0,Townhouse,"lat: 51.5073509,long: -0.1277583"
2358,2.0,4.0,1069 m²,2.0,2019-06-19,1825000.0,House,"lat: 51.5073509,long: -0.1277583"
2359,2.0,3.0,,2.0,2019-08-08,1650000.0,House,"lat: 51.5073509,long: -0.1277583"
2364,2.0,3.0,1 000 m²,2.0,2019-11-01,2750000.0,House,"lat: 51.5073509,long: -0.1277583"
2366,2.0,3.0,687 m²,2.0,2019-09-13,2295000.0,House,"lat: 51.5073509,long: -0.1277583"
2367,2.0,4.0,522 m²,2.0,2019-08-16,2800000.0,House,"lat: 51.5073509,long: -0.1277583"
2371,2.0,3.0,,1.0,2019-10-10,1400000.0,House,"lat: 51.5073509,long: -0.1277583"
2372,1.0,2.0,125 m²,2.0,2019-05-18,899000.0,Townhouse,"lat: 51.5073509,long: -0.1277583"
2373,1.0,3.0,80 m²,,2019-07-04,880000.0,Townhouse,"lat: 51.5073509,long: -0.1277583"
2380,1.0,2.0,,,2019-10-22,930000.0,Apartment / Flat,"lat: 51.5073509,long: -0.1277583"
2388,2.0,3.0,200 m²,1.0,2019-08-21,1349000.0,House,"lat: 51.5073509,long: -0.1277583"
2389,2.0,2.0,92 m²,,2019-07-10,980000.0,Apartment / Flat,"lat: 51.5073509,long: -0.1277583"
2391,,5.0,460 m²,3.0,2019-05-22,5250000.0,House,"lat: 51.5073509,long: -0.1277583"
2407,2.0,3.0,200 m²,1.0,2019-09-03,1349000.0,House,"lat: 51.5073509,long: -0.1277583"
2409,1.0,2.0,66 m²,,2019-09-27,645000.0,Townhouse,"lat: 51.5073509,long: -0.1277583"
2416,1.0,2.0,,,2019-09-04,700000.0,Townhouse,"lat: 51.5073509,long: -0.1277583"
2418,2.0,3.0,310 m²,2.0,2019-06-21,1400000.0,House,"lat: 51.5073509,long: -0.1277583"
2428,2.0,3.0,1 m²,2.0,2019-06-12,1595000.0,House,"lat: 51.5073509,long: -0.1277583"
2429,,4.0,1 m²,2.0,2019-04-04,3490000.0,House,"lat: 51.5073509,long: -0.1277583"
2438,,3.0,690 m²,2.0,2019-07-06,3985000.0,House,"lat: 51.5073509,long: -0.1277583"
2442,2.0,2.0,98 m²,1.0,2019-08-08,880000.0,Apartment / Flat,"lat: 51.5073509,long: -0.1277583"
2444,2.0,3.0,959 m²,2.0,2019-07-30,999000.0,House,"lat: 51.5073509,long: -0.1277583"
2446,1.0,2.0,66 m²,,2019-09-10,645000.0,Apartment / Flat,"lat: 51.5073509,long: -0.1277583"
2449,6.0,6.0,,3.0,2019-09-04,7500000.0,House,"lat: 51.5073509,long: -0.1277583"
2450,2.0,4.0,183 m²,2.0,2019-06-27,2900000.0,House,"lat: 51.5073509,long: -0.1277583"
2451,1.0,2.0,252 m²,,2019-10-25,280000.0,House,"lat: 51.5073509,long: -0.1277583"
2460,2.0,3.0,30 800 m²,1.0,2019-07-19,2900000.0,House,"lat: 51.5073509,long: -0.1277583"
2465,2.0,3.0,280 m²,1.0,2019-10-07,720000.0,House,"lat: 51.5073509,long: -0.1277583"
2466,2.0,3.0,879 m²,,2019-08-30,1590000.0,House,"lat: 51.5073509,long: -0.1277583"
2467,1.0,2.0,40 m²,,2019-08-02,470000.0,House,"lat: 51.5073509,long: -0.1277583"
2477,6.0,5.0,650 m²,4.0,2019-04-04,7990000.0,House,"lat: 51.5073509,long: -0.1277583"
2483,1.0,2.0,72 m²,,2019-08-08,730000.0,House,"lat: 51.5073509,long: -0.1277583"
2485,1.0,2.0,64 m²,1.0,2019-08-03,795000.0,Apartment / Flat,"lat: 51.5073509,long: -0.1277583"
2489,,,,,2019-09-17,525000.0,Townhouse,"lat: 51.5073509,long: -0.1277583"
2490,1.0,2.0,45 m²,,2019-07-16,465000.0,House,"lat: 51.5073509,long: -0.1277583"
2494,2.0,3.0,955 m²,1.0,2019-07-02,1150000.0,House,"lat: 51.5073509,long: -0.1277583"
2495,2.0,3.0,,2.0,2019-07-16,2200000.0,House,"lat: 51.5073509,long: -0.1277583"
2503,,4.0,567 m²,2.0,2019-07-01,3650000.0,House,"lat: 51.5073509,long: -0.1277583"
2504,2.0,4.0,744 m²,1.0,2019-06-04,1295000.0,House,"lat: 51.5073509,long: -0.1277583"
2506,3.0,4.0,954 m²,2.0,2019-07-03,1795000.0,House,"lat: 51.5073509,long: -0.1277583"
2508,4.0,4.0,552 m²,4.0,2019-06-06,2210000.0,House,"lat: 51.5073509,long: -0.1277583"
2510,2.0,4.0,,,2019-07-02,1950000.0,House,"lat: 51.5073509,long: -0.1277583"
2515,2.0,3.0,,2.0,2019-10-10,1375000.0,House,"lat: 51.5073509,long: -0.1277583"
2523,,3.0,436 m²,2.0,2019-05-31,2150000.0,House,"lat: 51.5073509,long: -0.1277583"
2532,2.0,4.0,941 m²,,2019-06-27,2495000.0,House,"lat: 51.5073509,long: -0.1277583"
2535,2.0,4.0,300 m²,2.0,2019-09-02,490000.0,House,"lat: 51.5073509,long: -0.1277583"
2537,2.0,2.0,92 m²,,2019-05-30,1100000.0,Apartment / Flat,"lat: 51.5073509,long: -0.1277583"
2538,1.0,2.0,70 m²,,2019-07-18,675000.0,Townhouse,"lat: 51.5073509,long: -0.1277583"
2547,1.0,2.0,,,2019-07-06,550000.0,Apartment / Flat,"lat: 51.5073509,long: -0.1277583"
2550,4.0,4.0,800 m²,4.0,2019-07-11,13250000.0,House,"lat: 51.5073509,long: -0.1277583"
2553,4.0,6.0,20 000 m²,6.0,2019-08-27,3750000.0,House,"lat: 51.5073509,long: -0.1277583"
2555,1.0,3.0,62 m²,,2019-06-20,635000.0,Townhouse,"lat: 51.5073509,long: -0.1277583"
2556,1.0,2.0,80 m²,,2019-06-21,1150000.0,Townhouse,"lat: 51.5073509,long: -0.1277583"
2562,2.0,4.0,1 627 m²,2.0,2019-08-06,1980000.0,House,"lat: 51.5073509,long: -0.1277583"
2565,2.0,2.0,74 m²,,2019-06-01,1095000.0,Townhouse,"lat: 51.5073509,long: -0.1277583"
2571,2.0,3.0,208 m²,2.0,2019-05-27,1290000.0,House,"lat: 51.5073509,long: -0.1277583"
2588,2.0,3.0,991 m²,2.0,2019-07-27,1050000.0,House,"lat: 51.5073509,long: -0.1277583"
2601,2.0,3.0,,1.0,2019-05-21,1450000.0,Townhouse,"lat: 51.5073509,long: -0.1277583"
2606,1.0,2.0,256 m²,,2019-11-01,240000.0,House,"lat: 51.5073509,long: -0.1277583"
2609,2.0,3.0,1 627 m²,2.0,2019-07-09,2150000.0,House,"lat: 51.5073509,long: -0.1277583"
2613,,5.0,1 135 m²,3.0,2019-07-28,3999999.0,House,"lat: 51.5073509,long: -0.1277583"
2623,2.0,3.0,1 000 m²,1.0,2019-06-19,1050000.0,House,"lat: 51.5073509,long: -0.1277583"
2628,,5.0,700 m²,3.0,2018-11-19,3650000.0,House,"lat: 51.5073509,long: -0.1277583"
2631,2.0,2.0,84 m²,,2019-06-03,1149000.0,Townhouse,"lat: 51.5073509,long: -0.1277583"
2632,2.0,3.0,400 m²,2.0,2019-09-04,2295000.0,House,"lat: 51.5073509,long: -0.1277583"
2637,2.0,2.0,95 m²,,2019-08-12,1000000.0,Townhouse,"lat: 51.5073509,long: -0.1277583"
2639,2.0,3.0,991 m²,2.0,2019-05-21,2200000.0,House,"lat: 51.5073509,long: -0.1277583"
2642,,3.0,1 297 m²,2.0,2019-07-16,3490000.0,House,"lat: 51.5073509,long: -0.1277583"
2644,1.0,1.0,47 m²,,2019-06-21,530000.0,Townhouse,"lat: 51.5073509,long: -0.1277583"
2649,,6.0,1 500 m²,2.0,2019-03-19,1995000.0,House,"lat: 51.5073509,long: -0.1277583"
2651,2.0,3.0,82 m²,,2019-06-19,875000.0,Townhouse,"lat: 51.5073509,long: -0.1277583"
2652,2.0,3.0,1 020 m²,2.0,2019-08-14,1395000.0,House,"lat: 51.5073509,long: -0.1277583"
2656,2.0,3.0,135 m²,,2019-06-05,1200000.0,Apartment / Flat,"lat: 51.5073509,long: -0.1277583"
2659,1.0,2.0,,,2019-03-20,440000.0,House,"lat: 51.5073509,long: -0.1277583"
2669,2.0,4.0,235 m²,2.0,2019-05-28,2150000.0,House,"lat: 51.5073509,long: -0.1277583"
2674,2.0,3.0,99 m²,1.0,2019-05-24,1078947.0,House,"lat: 51.5073509,long: -0.1277583"
2676,2.0,3.0,82 m²,,2019-05-21,860000.0,Apartment / Flat,"lat: 51.5073509,long: -0.1277583"
2677,2.0,3.0,714 m²,,2019-06-21,1390000.0,House,"lat: 51.5073509,long: -0.1277583"
2681,1.0,2.0,72 m²,,2019-07-05,890000.0,Apartment / Flat,"lat: 51.5073509,long: -0.1277583"
2683,3.0,5.0,,2.0,2019-07-12,2300000.0,House,"lat: 51.5073509,long: -0.1277583"
2689,,4.0,1488 m²,3.0,2019-06-05,4995000.0,House,"lat: 51.5073509,long: -0.1277583"
2695,2.0,2.0,72 m²,,2019-08-22,730000.0,Apartment / Flat,"lat: 51.5073509,long: -0.1277583"
2698,1.0,2.0,79 m²,1.0,2019-07-03,850000.0,Townhouse,"lat: 51.5073509,long: -0.1277583"
2699,3.0,4.0,600 m²,2.0,2019-09-03,3860000.0,House,"lat: 51.5073509,long: -0.1277583"
2702,2.0,3.0,163 m²,2.0,2019-08-15,2490000.0,Townhouse,"lat: 51.5073509,long: -0.1277583"
2705,2.0,4.0,1 619 m²,2.0,2019-06-25,2690000.0,House,"lat: 51.5073509,long: -0.1277583"
2706,,1.0,,,2019-07-23,677000.0,Apartment / Flat,"lat: 51.5073509,long: -0.1277583"
2708,2.0,3.0,1 000 m²,,2018-11-06,1640000.0,House,"lat: 51.5073509,long: -0.1277583"
2710,2.0,3.0,1 m²,2.0,2019-10-08,1799000.0,House,"lat: 51.5073509,long: -0.1277583"
2711,2.0,2.0,89 m²,,2019-08-29,945000.0,Apartment / Flat,"lat: 51.5073509,long: -0.1277583"
2712,2.0,2.0,120 m²,1.0,2019-05-19,1099000.0,Townhouse,"lat: 51.5073509,long: -0.1277583"
2719,1.0,2.0,3000 m²,1.0,2019-09-18,9800000.0,Apartment / Flat,"lat: 51.5073509,long: -0.1277583"
2722,1.0,2.0,61 m²,,2019-08-15,650000.0,Apartment / Flat,"lat: 51.5073509,long: -0.1277583"
2728,3.0,4.0,182 m²,1.0,2019-06-18,1290000.0,Apartment / Flat,"lat: 51.5073509,long: -0.1277583"
2735,2.0,3.0,,1.0,2019-07-30,1895000.0,House,"lat: 51.5073509,long: -0.1277583"
2736,3.0,4.0,930 m²,,2019-08-07,5499000.0,House,"lat: 51.5073509,long: -0.1277583"
2739,,4.0,638 m²,2.0,2019-05-14,3940000.0,House,"lat: 51.5073509,long: -0.1277583"
2740,2.0,3.0,1 000 m²,2.0,2019-07-18,1350000.0,House,"lat: 51.5073509,long: -0.1277583"
2743,2.0,3.0,,,2019-08-23,1899000.0,House,"lat: 51.5073509,long: -0.1277583"
2765,1.0,2.0,,,2019-08-20,900000.0,Townhouse,"lat: 51.5073509,long: -0.1277583"
2767,2.0,2.0,84 m²,,2019-08-07,1099000.0,Apartment / Flat,"lat: 51.5073509,long: -0.1277583"
2768,2.0,3.0,77 m²,,2019-07-18,850000.0,Townhouse,"lat: 51.5073509,long: -0.1277583"
2769,2.0,3.0,60 m²,,2019-05-09,906864.0,House,"lat: 51.5073509,long: -0.1277583"
2790,2.0,3.0,146 m²,2.0,2019-06-07,1350000.0,Townhouse,"lat: 51.5073509,long: -0.1277583"
2791,4.0,4.0,400 m²,3.0,2019-02-25,4249000.0,House,"lat: 51.5073509,long: -0.1277583"
2792,,,,,2019-09-19,2600000.0,House,"lat: 51.5073509,long: -0.1277583"
2793,2.0,3.0,168 m²,2.0,2019-05-19,1295000.0,Townhouse,"lat: 51.5073509,long: -0.1277583"
2799,1.0,2.0,79 m²,,2019-06-11,775000.0,Townhouse,"lat: 51.5073509,long: -0.1277583"
2802,,,225 m²,,2019-06-12,2195000.0,Apartment / Flat,"lat: 51.5073509,long: -0.1277583"
2804,2.0,3.0,99 m²,,2019-05-03,1100000.0,Townhouse,"lat: 51.5073509,long: -0.1277583"
2807,2.0,2.0,117 m²,,2019-08-15,1600000.0,Townhouse,"lat: 51.5073509,long: -0.1277583"
2808,,,,,2019-09-25,1200000.0,House,"lat: 51.5073509,long: -0.1277583"
2814,1.0,3.0,113 m²,1.0,2019-05-23,820000.0,Townhouse,"lat: 51.5073509,long: -0.1277583"
2820,2.0,4.0,,2.0,2019-07-29,1990000.0,House,"lat: 51.5073509,long: -0.1277583"
2829,2.0,3.0,,2.0,2019-07-02,1349000.0,Townhouse,"lat: 51.5073509,long: -0.1277583"
2838,2.0,2.0,120 m²,1.0,2019-07-16,1195000.0,House,"lat: 51.5073509,long: -0.1277583"
2843,2.0,3.0,,,2019-09-17,850000.0,House,"lat: 51.5073509,long: -0.1277583"
2848,2.0,3.0,892 m²,2.0,2019-05-13,1750000.0,House,"lat: 51.5073509,long: -0.1277583"
2862,2.0,4.0,451 m²,1.0,2019-10-09,,House,"lat: 51.5073509,long: -0.1277583"
2867,2.0,4.0,,2.0,2019-06-08,1450000.0,House,"lat: 51.5073509,long: -0.1277583"
2870,2.0,3.0,,,2019-10-22,1860000.0,Townhouse,"lat: 51.5073509,long: -0.1277583"
2871,1.0,1.0,48 m²,,2019-07-18,525000.0,Apartment / Flat,"lat: 51.5073509,long: -0.1277583"
2872,2.0,2.0,,,2019-08-19,790000.0,Townhouse,"lat: 51.5073509,long: -0.1277583"
2873,2.0,3.0,941 m²,,2019-08-12,1450000.0,House,"lat: 51.5073509,long: -0.1277583"
2877,1.0,3.0,,,2019-10-14,800000.0,House,"lat: 51.5073509,long: -0.1277583"
2881,1.0,2.0,,,2019-10-18,930000.0,House,"lat: 51.5073509,long: -0.1277583"
2882,2.0,3.0,1 710 m²,1.0,2019-07-11,1795000.0,House,"lat: 51.5073509,long: -0.1277583"
2884,3.0,3.0,,2.0,2019-09-14,2280000.0,House,"lat: 51.5073509,long: -0.1277583"
2888,3.0,4.0,,2.0,2019-07-28,1890000.0,House,"lat: 51.5073509,long: -0.1277583"
2891,,3.0,902 m²,2.0,2019-07-29,1480000.0,House,"lat: 51.5073509,long: -0.1277583"
2894,2.0,2.0,68 m²,,2019-06-04,1295000.0,Apartment / Flat,"lat: 51.5073509,long: -0.1277583"
2899,1.0,2.0,65 m²,,2019-08-10,695000.0,Townhouse,"lat: 51.5073509,long: -0.1277583"
2901,2.0,4.0,1 500 m²,2.0,2019-03-06,1699000.0,House,"lat: 51.5073509,long: -0.1277583"
2903,2.0,3.0,266 m²,2.0,2019-08-06,3999000.0,House,"lat: 51.5073509,long: -0.1277583"
2911,1.0,2.0,,1.0,2019-08-12,650000.0,Apartment / Flat,"lat: 51.5073509,long: -0.1277583"
2913,4.0,4.0,1 001 m²,4.0,2019-09-02,5850000.0,House,"lat: 51.5073509,long: -0.1277583"
2916,3.0,3.0,,2.0,2019-05-30,1650000.0,House,"lat: 51.5073509,long: -0.1277583"
2920,2.0,3.0,60 m²,,2019-04-09,933225.0,House,"lat: 51.5073509,long: -0.1277583"
2924,2.0,3.0,1 264 m²,,2019-05-31,2345000.0,House,"lat: 51.5073509,long: -0.1277583"
2925,2.0,3.0,,,2019-09-20,950000.0,House,"lat: 51.5073509,long: -0.1277583"
2935,2.0,4.0,,2.0,2019-10-10,2800000.0,Apartment / Flat,"lat: 51.5073509,long: -0.1277583"
2938,4.0,4.0,1 486 m²,3.0,2019-03-28,7500000.0,House,"lat: 51.5073509,long: -0.1277583"
2957,2.0,4.0,,2.0,2019-02-19,1500000.0,House,"lat: 51.5073509,long: -0.1277583"
2963,2.0,3.0,1 579 m²,2.0,2019-08-23,1690000.0,House,"lat: 51.5073509,long: -0.1277583"
2969,3.0,5.0,600 m²,1.0,2019-07-05,3750000.0,Townhouse,"lat: 51.5073509,long: -0.1277583"
2970,2.0,3.0,1 050 m²,1.0,2019-07-05,1690000.0,House,"lat: 51.5073509,long: -0.1277583"
2985,3.0,4.0,2 745 m²,2.0,2019-05-28,2250000.0,House,"lat: 51.5073509,long: -0.1277583"
2988,,4.0,1 200 m²,3.0,2019-06-03,5750000.0,House,"lat: 51.5073509,long: -0.1277583"
2989,2.0,3.0,,,2019-10-10,899000.0,Townhouse,"lat: 51.5073509,long: -0.1277583"
2994,,5.0,900 m²,4.0,2018-11-15,10595000.0,House,"lat: 51.5073509,long: -0.1277583"
2999,2.0,3.0,241 m²,,2019-08-05,999000.0,House,"lat: 51.5073509,long: -0.1277583"
3003,,4.0,380 m²,2.0,2019-05-17,3950000.0,House,"lat: 51.5073509,long: -0.1277583"
3006,,,,,2019-09-25,2860000.0,House,"lat: 51.5073509,long: -0.1277583"
3018,,4.0,414 m²,3.0,2018-12-19,5399000.0,House,"lat: 51.5073509,long: -0.1277583"
3021,1.0,2.0,,,2019-08-26,920000.0,Apartment / Flat,"lat: 51.5073509,long: -0.1277583"
3024,2.0,3.0,56 m²,,2019-04-09,871110.0,House,"lat: 51.5073509,long: -0.1277583"
3025,2.0,3.0,150 m²,2.0,2018-10-24,1799000.0,Townhouse,"lat: 51.5073509,long: -0.1277583"
3029,2.0,3.0,223 m²,1.0,2019-05-20,1620000.0,Townhouse,"lat: 51.5073509,long: -0.1277583"
3030,1.0,2.0,77 m²,,2019-09-06,490000.0,Apartment / Flat,"lat: 51.5073509,long: -0.1277583"
3032,2.0,3.0,700 m²,2.0,2019-06-13,2695000.0,House,"lat: 51.5073509,long: -0.1277583"
3033,1.0,3.0,55 m²,,2019-08-05,605480.0,House,"lat: 51.5073509,long: -0.1277583"
3039,1.0,2.0,,,2019-08-19,630000.0,Apartment / Flat,"lat: 51.5073509,long: -0.1277583"
3041,,2.0,40 m²,,2019-07-23,573160.0,House,"lat: 51.5073509,long: -0.1277583"
3043,3.0,4.0,530 m²,3.0,2018-05-17,7200000.0,House,"lat: 51.5073509,long: -0.1277583"
3053,2.0,4.0,554 m²,2.0,2019-06-04,2095000.0,House,"lat: 51.5073509,long: -0.1277583"
3061,2.0,4.0,923 m²,2.0,2019-08-19,1050000.0,House,"lat: 51.5073509,long: -0.1277583"
3064,3.0,3.0,106 m²,1.0,2019-03-12,1157084.0,House,"lat: 51.5073509,long: -0.1277583"
3067,1.0,2.0,90 m²,1.0,2019-03-12,1000000.0,Townhouse,"lat: 51.5073509,long: -0.1277583"
3072,1.0,2.0,82 m²,,2019-03-14,899000.0,Townhouse,"lat: 51.5073509,long: -0.1277583"
3073,1.0,2.0,270 m²,,2019-10-31,250000.0,House,"lat: 51.5073509,long: -0.1277583"
3077,1.0,2.0,65 m²,,2019-07-10,725000.0,Townhouse,"lat: 51.5073509,long: -0.1277583"
3078,2.0,3.0,60 m²,,2019-05-25,906000.0,House,"lat: 51.5073509,long: -0.1277583"
3079,3.0,4.0,1 073 m²,3.0,2019-05-28,6490000.0,House,"lat: 51.5073509,long: -0.1277583"
3084,,4.0,498 m²,4.0,2019-03-12,5500000.0,House,"lat: 51.5073509,long: -0.1277583"
3087,1.0,2.0,50 m²,,2019-04-04,829700.0,House,"lat: 51.5073509,long: -0.1277583"
3090,,3.0,198 m²,2.0,2019-05-06,2000000.0,Townhouse,"lat: 51.5073509,long: -0.1277583"
3092,1.0,2.0,45 m²,,2019-09-04,490000.0,House,"lat: 51.5073509,long: -0.1277583"
3096,2.0,2.0,81 m²,,2019-07-18,945000.0,Townhouse,"lat: 51.5073509,long: -0.1277583"
3097,5.0,5.0,422 m²,2.0,2018-10-23,5995000.0,House,"lat: 51.5073509,long: -0.1277583"
3101,,,200 m²,,2019-10-24,90000.0,House,"lat: 51.5073509,long: -0.1277583"
3103,2.0,3.0,408 m²,2.0,2019-03-07,1880000.0,House,"lat: 51.5073509,long: -0.1277583"
3105,,4.0,274 m²,2.0,2018-11-14,1780000.0,House,"lat: 51.5073509,long: -0.1277583"
3106,,,,,2019-09-19,950000.0,House,"lat: 51.5073509,long: -0.1277583"
3107,3.0,5.0,,1.0,2019-09-02,1990000.0,House,"lat: 51.5073509,long: -0.1277583"
3113,,5.0,420 m²,2.0,2019-04-03,5470000.0,House,"lat: 51.5073509,long: -0.1277583"
3114,1.0,2.0,40 m²,,2019-03-04,573000.0,House,"lat: 51.5073509,long: -0.1277583"
3117,2.0,4.0,,3.0,2019-09-18,750000.0,House,"lat: 51.5073509,long: -0.1277583"
3126,2.0,3.0,550 m²,2.0,2019-03-20,2395000.0,House,"lat: 51.5073509,long: -0.1277583"
3129,1.0,2.0,70 m²,,2019-05-23,639000.0,Apartment / Flat,"lat: 51.5073509,long: -0.1277583"
3133,1.0,2.0,,1.0,2019-08-14,585000.0,Townhouse,"lat: 51.5073509,long: -0.1277583"
3135,3.0,4.0,1 160 m²,2.0,2019-05-23,2750000.0,House,"lat: 51.5073509,long: -0.1277583"
3143,8.0,6.0,,6.0,2019-09-17,30000000.0,House,"lat: 51.5073509,long: -0.1277583"
3145,3.0,4.0,1 025 m²,2.0,2019-05-30,1950000.0,House,"lat: 51.5073509,long: -0.1277583"
3147,2.0,3.0,,2.0,2019-09-05,1250000.0,House,"lat: 51.5073509,long: -0.1277583"
3149,3.0,6.0,626 m²,2.0,2019-07-17,3499000.0,House,"lat: 51.5073509,long: -0.1277583"
3150,,,,,2019-10-30,1350000.0,Townhouse,"lat: 51.5073509,long: -0.1277583"
3153,1.0,1.0,69 m²,1.0,2019-07-19,499000.0,Townhouse,"lat: 51.5073509,long: -0.1277583"
3166,,6.0,550 m²,2.0,2018-10-15,6495000.0,House,"lat: 51.5073509,long: -0.1277583"
3168,2.0,2.0,99 m²,,2019-05-26,950000.0,Townhouse,"lat: 51.5073509,long: -0.1277583"
3170,2.0,2.0,92 m²,,2019-04-24,995000.0,Townhouse,"lat: 51.5073509,long: -0.1277583"
3171,,4.0,1 245 m²,2.0,2018-11-19,3350000.0,House,"lat: 51.5073509,long: -0.1277583"
3174,3.0,4.0,1 423 m²,2.0,2019-03-27,2690000.0,House,"lat: 51.5073509,long: -0.1277583"
3177,,4.0,500 m²,3.0,2019-02-22,4780000.0,House,"lat: 51.5073509,long: -0.1277583"
3180,,4.0,212 m²,2.0,2019-06-28,2400000.0,Apartment / Flat,"lat: 51.5073509,long: -0.1277583"
3184,2.0,3.0,150 m²,2.0,2019-07-05,1430000.0,House,"lat: 51.5073509,long: -0.1277583"
3195,2.0,3.0,1 030 m²,2.0,2019-08-06,1620000.0,House,"lat: 51.5073509,long: -0.1277583"
3197,2.0,3.0,327 m²,2.0,2019-04-25,1850000.0,House,"lat: 51.5073509,long: -0.1277583"
3201,1.0,2.0,200 m²,,2019-03-12,492521.0,House,"lat: 51.5073509,long: -0.1277583"
3207,2.0,3.0,80 m²,,2019-01-31,890000.0,Townhouse,"lat: 51.5073509,long: -0.1277583"
3208,,3.0,,2.0,2019-08-24,4300000.0,House,"lat: 51.5073509,long: -0.1277583"
3210,,,684 m²,,2019-08-26,750000.0,House,"lat: 51.5073509,long: -0.1277583"
3215,3.0,5.0,1 304 m²,2.0,2019-06-12,1495000.0,House,"lat: 51.5073509,long: -0.1277583"
3216,2.0,3.0,1 m²,2.0,2019-07-05,2519000.0,House,"lat: 51.5073509,long: -0.1277583"
3229,1.0,2.0,,,2019-06-28,890000.0,House,"lat: 51.5073509,long: -0.1277583"
3231,1.0,4.0,1 125 m²,1.0,2019-08-29,1160000.0,House,"lat: 51.5073509,long: -0.1277583"
3254,5.0,5.0,1300 m²,4.0,2019-03-15,4750000.0,House,"lat: 51.5073509,long: -0.1277583"
3263,,,800 m²,,2019-04-03,5650000.0,House,"lat: 51.5073509,long: -0.1277583"
3264,2.0,3.0,96 m²,,2019-09-06,795000.0,Townhouse,"lat: 51.5073509,long: -0.1277583"
3267,3.0,4.0,420 m²,2.0,2019-02-19,,House,"lat: 51.5073509,long: -0.1277583"
3269,1.0,3.0,62 m²,,2019-06-12,680000.0,Townhouse,"lat: 51.5073509,long: -0.1277583"
3273,3.0,5.0,1 013 m²,2.0,2019-07-26,2395000.0,House,"lat: 51.5073509,long: -0.1277583"
3280,,,,,2019-08-28,1500000.0,House,"lat: 51.5073509,long: -0.1277583"
3282,2.0,3.0,251 m²,1.0,2019-05-09,1350000.0,House,"lat: 51.5073509,long: -0.1277583"
3284,3.0,3.0,1 158 m²,4.0,2019-06-19,3995000.0,House,"lat: 51.5073509,long: -0.1277583"
3285,3.0,3.0,,2.0,2019-06-25,1595000.0,Townhouse,"lat: 51.5073509,long: -0.1277583"
3289,,,230 m²,,2019-08-20,1375000.0,House,"lat: 51.5073509,long: -0.1277583"
3298,,3.0,203 m²,2.0,2019-06-07,2395000.0,Apartment / Flat,"lat: 51.5073509,long: -0.1277583"
3313,2.0,3.0,,3.0,2019-07-02,1350000.0,House,"lat: 51.5073509,long: -0.1277583"
3318,2.0,4.0,1 487 m²,4.0,2019-04-30,2090000.0,House,"lat: 51.5073509,long: -0.1277583"
3320,4.0,5.0,1 133 m²,4.0,2019-03-26,5950000.0,House,"lat: 51.5073509,long: -0.1277583"
3321,,3.0,,2.0,2019-07-23,1995000.0,Townhouse,"lat: 51.5073509,long: -0.1277583"
3326,3.0,4.0,500 m²,3.0,2019-06-03,3600000.0,House,"lat: 51.5073509,long: -0.1277583"
3327,3.0,4.0,,2.0,2019-07-08,1899000.0,House,"lat: 51.5073509,long: -0.1277583"
3329,4.0,4.0,1 950 m²,4.0,2018-10-15,16500000.0,House,"lat: 51.5073509,long: -0.1277583"
3330,2.0,3.0,84 m²,,2019-06-12,899000.0,Townhouse,"lat: 51.5073509,long: -0.1277583"
3333,1.0,2.0,105 m²,1.0,2019-05-29,730000.0,Apartment / Flat,"lat: 51.5073509,long: -0.1277583"
3344,4.0,4.0,721 m²,2.0,2019-02-13,5300000.0,House,"lat: 51.5073509,long: -0.1277583"
3345,2.0,3.0,147 m²,1.0,2019-03-25,899000.0,Apartment / Flat,"lat: 51.5073509,long: -0.1277583"
3347,3.0,4.0,991 m²,,2019-06-08,1540000.0,House,"lat: 51.5073509,long: -0.1277583"
3348,1.0,2.0,,,2019-10-02,655000.0,House,"lat: 51.5073509,long: -0.1277583"
3350,2.0,3.0,78 m²,,2019-07-15,810000.0,Apartment / Flat,"lat: 51.5073509,long: -0.1277583"
3353,1.0,3.0,,,2019-09-02,680000.0,House,"lat: 51.5073509,long: -0.1277583"
3354,2.0,3.0,1 500 m²,2.0,2019-05-26,1695000.0,House,"lat: 51.5073509,long: -0.1277583"
3355,3.0,3.0,312 m²,2.0,2019-05-28,3100000.0,House,"lat: 51.5073509,long: -0.1277583"
3362,2.0,3.0,,2.0,2019-07-15,1780000.0,Townhouse,"lat: 51.5073509,long: -0.1277583"
3365,2.0,3.0,160 m²,2.0,2019-03-28,1670000.0,Townhouse,"lat: 51.5073509,long: -0.1277583"
3367,2.0,3.0,70 m²,,2019-07-17,800000.0,House,"lat: 51.5073509,long: -0.1277583"
3368,1.0,2.0,71 m²,,2018-11-20,795000.0,House,"lat: 51.5073509,long: -0.1277583"
3373,2.0,3.0,200 m²,2.0,2019-04-16,2499000.0,Townhouse,"lat: 51.5073509,long: -0.1277583"
3375,2.0,3.0,968 m²,2.0,2019-07-11,1150000.0,House,"lat: 51.5073509,long: -0.1277583"
3378,2.0,4.0,1 504 m²,2.0,2019-05-14,1900000.0,House,"lat: 51.5073509,long: -0.1277583"
3382,1.0,2.0,65 m²,,2019-07-08,780000.0,Townhouse,"lat: 51.5073509,long: -0.1277583"
3385,,3.0,280 m²,2.0,2019-06-19,1999000.0,House,"lat: 51.5073509,long: -0.1277583"
3388,1.0,2.0,72 m²,,2019-08-20,700000.0,Townhouse,"lat: 51.5073509,long: -0.1277583"
3390,,4.0,451 m²,2.0,2019-05-14,2750000.0,House,"lat: 51.5073509,long: -0.1277583"
3392,2.0,3.0,386 m²,,2019-05-21,960000.0,House,"lat: 51.5073509,long: -0.1277583"
3399,2.0,3.0,60 m²,,2018-10-24,628508.0,House,"lat: 51.5073509,long: -0.1277583"
3401,2.0,3.0,,2.0,2019-10-19,1860000.0,Townhouse,"lat: 51.5073509,long: -0.1277583"
3405,2.0,2.0,,,2019-06-04,790000.0,Apartment / Flat,"lat: 51.5073509,long: -0.1277583"
3406,2.0,2.0,55 m²,,2018-08-24,626690.0,House,"lat: 51.5073509,long: -0.1277583"
3410,2.0,3.0,70 m²,,2018-08-15,638406.0,House,"lat: 51.5073509,long: -0.1277583"
3411,2.0,3.0,70 m²,,2018-08-15,754556.0,House,"lat: 51.5073509,long: -0.1277583"
3415,2.0,3.0,1 050 m²,2.0,2019-07-17,995000.0,House,"lat: 51.5073509,long: -0.1277583"
3417,2.0,3.0,300 m²,2.0,2019-06-22,3250000.0,Townhouse,"lat: 51.5073509,long: -0.1277583"
3418,,5.0,185 m²,2.0,2018-08-16,1350000.0,House,"lat: 51.5073509,long: -0.1277583"
3434,2.0,3.0,112 m²,,2019-08-30,870000.0,Apartment / Flat,"lat: 51.5073509,long: -0.1277583"
3437,4.0,4.0,868 m²,2.0,2018-11-08,2750000.0,House,"lat: 51.5073509,long: -0.1277583"
3438,3.0,4.0,200 m²,3.0,2018-08-31,3400000.0,House,"lat: 51.5073509,long: -0.1277583"
3440,2.0,3.0,89 979 m²,4.0,2019-07-07,2999000.0,House,"lat: 51.5073509,long: -0.1277583"
3447,2.0,3.0,210 m²,2.0,2019-06-07,2180000.0,House,"lat: 51.5073509,long: -0.1277583"
3450,2.0,3.0,70 m²,1.0,2018-03-24,754556.0,House,"lat: 51.5073509,long: -0.1277583"
3451,,3.0,,1.0,2019-06-25,1495000.0,House,"lat: 51.5073509,long: -0.1277583"
3456,3.0,4.0,388 m²,2.0,2019-04-05,3999000.0,Townhouse,"lat: 51.5073509,long: -0.1277583"
3459,4.0,4.0,1 090 m²,3.0,2018-09-06,6350000.0,House,"lat: 51.5073509,long: -0.1277583"
3462,2.0,3.0,,,2019-07-18,1060000.0,House,"lat: 51.5073509,long: -0.1277583"
3464,4.0,6.0,18 178 m²,2.0,2019-07-26,2100000.0,House,"lat: 51.5073509,long: -0.1277583"
3472,2.0,3.0,88 m²,,2019-04-16,895000.0,Apartment / Flat,"lat: 51.5073509,long: -0.1277583"
3475,1.0,2.0,47 m²,,2019-03-13,480000.0,Townhouse,"lat: 51.5073509,long: -0.1277583"
3476,1.0,2.0,74 m²,,2019-05-31,750000.0,Townhouse,"lat: 51.5073509,long: -0.1277583"
3484,1.0,2.0,,,2019-10-09,550000.0,Townhouse,"lat: 51.5073509,long: -0.1277583"
3490,6.0,15.0,18 000 m²,,2019-01-30,2500000.0,House,"lat: 51.5073509,long: -0.1277583"
3491,3.0,4.0,700 m²,4.0,2018-09-28,7790000.0,House,"lat: 51.5073509,long: -0.1277583"
3494,5.0,4.0,500 m²,2.0,2018-05-02,5495000.0,House,"lat: 51.5073509,long: -0.1277583"
3503,1.0,2.0,,,2019-08-20,880000.0,Townhouse,"lat: 51.5073509,long: -0.1277583"
3508,2.0,3.0,56 m²,,2017-05-30,605600.0,House,"lat: 51.5073509,long: -0.1277583"
3509,3.0,4.0,1 926 m²,2.0,2019-06-14,3999000.0,House,"lat: 51.5073509,long: -0.1277583"
3519,1.0,2.0,82 m²,,2019-05-14,699999.0,Apartment / Flat,"lat: 51.5073509,long: -0.1277583"
3525,1.0,2.0,,,2019-10-09,260000.0,House,"lat: 51.5073509,long: -0.1277583"
3529,,2.0,91 m²,1.0,2019-01-18,879000.0,Townhouse,"lat: 51.5073509,long: -0.1277583"
3530,2.0,6.0,792 m²,,2019-07-15,880000.0,House,"lat: 51.5073509,long: -0.1277583"
3534,4.0,4.0,1700 m²,6.0,2019-05-16,13500000.0,House,"lat: 51.5073509,long: -0.1277583"
3539,,,816 m²,,2019-10-16,1399000.0,House,"lat: 51.5073509,long: -0.1277583"
3550,2.0,2.0,82 m²,,2019-03-26,995000.0,Townhouse,"lat: 51.5073509,long: -0.1277583"
3559,2.0,3.0,103 m²,,2019-08-27,1180000.0,Townhouse,"lat: 51.5073509,long: -0.1277583"
3567,1.0,2.0,,,2019-10-17,270000.0,House,"lat: 51.5073509,long: -0.1277583"
3569,4.0,4.0,465 m²,2.0,2018-04-13,6950000.0,House,"lat: 51.5073509,long: -0.1277583"
3570,2.0,3.0,351 m²,2.0,2019-08-02,1380000.0,House,"lat: 51.5073509,long: -0.1277583"
3573,,,,,2019-08-26,710000.0,Apartment / Flat,"lat: 51.5073509,long: -0.1277583"
3579,2.0,2.0,72 m²,,2018-03-20,1150000.0,Apartment / Flat,"lat: 51.5073509,long: -0.1277583"
3582,2.0,3.0,,1.0,2019-05-30,1250000.0,Townhouse,"lat: 51.5073509,long: -0.1277583"
3585,3.0,3.0,640 m²,2.0,2018-09-17,2590000.0,House,"lat: 51.5073509,long: -0.1277583"
3591,2.0,2.0,98 m²,,2019-07-18,935000.0,Townhouse,"lat: 51.5073509,long: -0.1277583"
3592,1.0,2.0,55 m²,,2019-05-28,870000.0,Townhouse,"lat: 51.5073509,long: -0.1277583"
3599,,5.0,1 076 m²,3.0,2019-06-25,6530000.0,House,"lat: 51.5073509,long: -0.1277583"
3603,,,,,2019-08-27,1340000.0,House,"lat: 51.5073509,long: -0.1277583"
3604,3.0,5.0,1 486 m²,,2019-07-26,2100000.0,House,"lat: 51.5073509,long: -0.1277583"
3606,4.0,4.0,,2.0,2019-06-05,3990000.0,House,"lat: 51.5073509,long: -0.1277583"
3609,2.0,3.0,119 m²,1.0,2019-05-29,1100000.0,Townhouse,"lat: 51.5073509,long: -0.1277583"
3619,1.0,2.0,,,2019-07-25,585000.0,House,"lat: 51.5073509,long: -0.1277583"
3623,2.0,2.0,76 m²,,2019-04-26,700000.0,House,"lat: 51.5073509,long: -0.1277583"
3627,2.0,3.0,157 m²,2.0,2019-06-27,2300000.0,Townhouse,"lat: 51.5073509,long: -0.1277583"
3633,1.0,3.0,6 370 m²,,2019-07-31,4300000.0,House,"lat: 51.5073509,long: -0.1277583"
3645,4.0,5.0,450 m²,2.0,2018-02-14,6450000.0,House,"lat: 51.5073509,long: -0.1277583"
3662,1.0,2.0,90 m²,,2019-05-26,550000.0,Apartment / Flat,"lat: 51.5073509,long: -0.1277583"
3663,,4.0,400 m²,2.0,2018-10-27,2495000.0,House,"lat: 51.5073509,long: -0.1277583"
3664,2.0,3.0,163 m²,2.0,2019-07-05,1985000.0,Apartment / Flat,"lat: 51.5073509,long: -0.1277583"
3671,,,,,2019-08-12,1690000.0,House,"lat: 51.5073509,long: -0.1277583"
3673,3.0,5.0,315 m²,2.0,2018-06-04,4790000.0,House,"lat: 51.5073509,long: -0.1277583"
3676,2.0,4.0,1 166 m²,2.0,2019-01-08,3250000.0,House,"lat: 51.5073509,long: -0.1277583"
3677,1.0,2.0,,,2019-07-30,815000.0,Apartment / Flat,"lat: 51.5073509,long: -0.1277583"
3682,1.0,2.0,,,2019-05-15,870000.0,House,"lat: 51.5073509,long: -0.1277583"
3688,4.0,5.0,,2.0,2019-08-10,6500000.0,House,"lat: 51.5073509,long: -0.1277583"
3690,2.0,2.0,92 m²,,2019-06-25,960000.0,Townhouse,"lat: 51.5073509,long: -0.1277583"
3698,2.0,3.0,196 m²,2.0,2018-01-18,2170000.0,Townhouse,"lat: 51.5073509,long: -0.1277583"
3705,1.0,2.0,,,2019-08-24,895000.0,Townhouse,"lat: 51.5073509,long: -0.1277583"
3710,1.0,2.0,,,2019-05-20,525000.0,Apartment / Flat,"lat: 51.5073509,long: -0.1277583"
3711,1.0,2.0,55 m²,,2019-08-19,580000.0,Townhouse,"lat: 51.5073509,long: -0.1277583"
3716,2.0,3.0,1 447 m²,2.0,2019-07-23,1475000.0,House,"lat: 51.5073509,long: -0.1277583"
3720,4.0,4.0,1 280 m²,2.0,2018-06-18,2900000.0,House,"lat: 51.5073509,long: -0.1277583"
3721,2.0,2.0,130 m²,1.0,2018-06-15,1995000.0,Townhouse,"lat: 51.5073509,long: -0.1277583"
3724,3.0,5.0,500 m²,2.0,2018-10-11,3149000.0,House,"lat: 51.5073509,long: -0.1277583"
3733,2.0,3.0,379 m²,2.0,2018-10-12,2250000.0,House,"lat: 51.5073509,long: -0.1277583"
3736,3.0,3.0,,2.0,2019-08-22,2100000.0,House,"lat: 51.5073509,long: -0.1277583"
3739,3.0,3.0,1 539 m²,4.0,2017-10-30,4500000.0,House,"lat: 51.5073509,long: -0.1277583"
3741,2.0,3.0,318 m²,2.0,2019-04-02,1180000.0,Townhouse,"lat: 51.5073509,long: -0.1277583"
3743,1.0,3.0,135 m²,1.0,2019-06-19,1049000.0,House,"lat: 51.5073509,long: -0.1277583"
3746,2.0,4.0,2 285 m²,2.0,2018-01-23,1650000.0,House,"lat: 51.5073509,long: -0.1277583"
3752,1.0,2.0,209 m²,,2019-06-20,400000.0,House,"lat: 51.5073509,long: -0.1277583"
3753,2.0,3.0,130 m²,2.0,2019-05-02,1499000.0,Townhouse,"lat: 51.5073509,long: -0.1277583"
3755,1.0,2.0,66 m²,,2019-05-24,650000.0,Townhouse,"lat: 51.5073509,long: -0.1277583"
3764,1.0,2.0,50 m²,,2018-06-26,532760.0,House,"lat: 51.5073509,long: -0.1277583"
3771,1.0,2.0,45 m²,,2017-12-04,550031.0,House,"lat: 51.5073509,long: -0.1277583"
3775,1.0,3.0,,,2019-05-23,795000.0,Apartment / Flat,"lat: 51.5073509,long: -0.1277583"
3780,4.0,6.0,1 072 m²,2.0,2019-06-03,2645000.0,House,"lat: 51.5073509,long: -0.1277583"
3785,,4.0,1 276 m²,3.0,2019-03-22,3500000.0,House,"lat: 51.5073509,long: -0.1277583"
3787,3.0,4.0,1 052 m²,2.0,2019-03-05,2999999.0,House,"lat: 51.5073509,long: -0.1277583"
3789,1.0,3.0,1 000 m²,1.0,2019-02-28,1080500.0,House,"lat: 51.5073509,long: -0.1277583"
3801,,4.0,1 501 m²,2.0,2019-05-31,1950000.0,House,"lat: 51.5073509,long: -0.1277583"
3805,2.0,3.0,165 m²,3.0,2019-08-27,1800000.0,Apartment / Flat,"lat: 51.5073509,long: -0.1277583"
3807,2.0,3.0,71 m²,,2019-08-05,750000.0,Townhouse,"lat: 51.5073509,long: -0.1277583"
3814,1.0,2.0,68 m²,1.0,2016-11-07,780000.0,Apartment / Flat,"lat: 51.5073509,long: -0.1277583"
3821,2.0,3.0,1 000 m²,2.0,2019-03-28,1999000.0,House,"lat: 51.5073509,long: -0.1277583"
3825,,3.0,1 497 m²,,2018-12-27,2995000.0,House,"lat: 51.5073509,long: -0.1277583"
3826,2.0,3.0,1 500 m²,,2019-07-11,2200000.0,House,"lat: 51.5073509,long: -0.1277583"
3828,4.0,4.0,400 m²,2.0,2014-05-02,6450000.0,House,"lat: 51.5073509,long: -0.1277583"
3834,1.0,2.0,260 m²,,2019-09-08,270000.0,House,"lat: 51.5073509,long: -0.1277583"
3841,3.0,6.0,400 m²,3.0,2018-12-05,3900000.0,House,"lat: 51.5073509,long: -0.1277583"
3847,,3.0,115 m²,1.0,2019-06-24,1000000.0,Townhouse,"lat: 51.5073509,long: -0.1277583"
3857,,4.0,440 m²,2.0,2019-07-11,2900000.0,Townhouse,"lat: 51.5073509,long: -0.1277583"
3862,1.0,2.0,45 m²,,2018-10-17,550031.0,House,"lat: 51.5073509,long: -0.1277583"
3865,2.0,3.0,,2.0,2019-04-26,1350000.0,House,"lat: 51.5073509,long: -0.1277583"
3876,1.0,4.0,712 m²,2.0,2019-05-10,1095000.0,House,"lat: 51.5073509,long: -0.1277583"
3877,2.0,3.0,,1.0,2018-12-21,1495000.0,House,"lat: 51.5073509,long: -0.1277583"
3878,3.0,5.0,,4.0,2019-07-16,3700000.0,House,"lat: 51.5073509,long: -0.1277583"
3881,2.0,2.0,81 m²,,2019-06-20,1169000.0,Townhouse,"lat: 51.5073509,long: -0.1277583"
3888,2.0,4.0,440 m²,2.0,2019-06-27,2950000.0,House,"lat: 51.5073509,long: -0.1277583"
3896,2.0,2.0,,1.0,2019-07-12,1195000.0,Apartment / Flat,"lat: 51.5073509,long: -0.1277583"
3897,1.0,2.0,155 m²,,2019-07-23,399000.0,House,"lat: 51.5073509,long: -0.1277583"
3901,1.0,2.0,,1.0,2019-07-12,1080000.0,Townhouse,"lat: 51.5073509,long: -0.1277583"
3908,1.0,2.0,64 m²,,2019-06-14,750000.0,Townhouse,"lat: 51.5073509,long: -0.1277583"
3913,4.0,3.0,1 297 m²,,2019-04-04,3249000.0,Apartment / Flat,"lat: 51.5073509,long: -0.1277583"
3915,2.0,3.0,107 m²,1.0,2019-02-14,1300000.0,Townhouse,"lat: 51.5073509,long: -0.1277583"
3918,2.0,2.0,,1.0,2019-02-28,1250000.0,Townhouse,"lat: 51.5073509,long: -0.1277583"
3919,2.0,3.0,260 m²,2.0,2018-10-30,2199000.0,House,"lat: 51.5073509,long: -0.1277583"
3923,2.0,2.0,98 m²,,2019-03-12,895000.0,Apartment / Flat,"lat: 51.5073509,long: -0.1277583"
3925,4.0,5.0,453 m²,2.0,2019-07-17,2100000.0,Townhouse,"lat: 51.5073509,long: -0.1277583"
3927,2.0,3.0,,2.0,2019-08-16,1950000.0,House,"lat: 51.5073509,long: -0.1277583"
3932,,5.0,4.4 acres,2.0,2019-07-01,2400000.0,House,"lat: 51.5073509,long: -0.1277583"
3934,2.0,2.0,,,2019-04-11,1175000.0,Apartment / Flat,"lat: 51.5073509,long: -0.1277583"
3936,2.0,4.0,,2.0,2019-08-08,1920000.0,House,"lat: 51.5073509,long: -0.1277583"
3942,2.0,4.0,,4.0,2019-05-22,3750000.0,House,"lat: 51.5073509,long: -0.1277583"
3943,3.0,4.0,,2.0,2019-05-22,2299000.0,House,"lat: 51.5073509,long: -0.1277583"
3944,1.0,2.0,75 m²,,2019-07-11,850000.0,Townhouse,"lat: 51.5073509,long: -0.1277583"
3948,4.0,6.0,1 245 m²,,2019-03-22,2450000.0,House,"lat: 51.5073509,long: -0.1277583"
3950,2.0,4.0,978 m²,3.0,2019-07-15,1375000.0,House,"lat: 51.5073509,long: -0.1277583"
3955,3.0,5.0,1 914 m²,8.0,2019-04-15,3599000.0,House,"lat: 51.5073509,long: -0.1277583"
3959,1.0,2.0,,,2019-07-21,195000.0,House,"lat: 51.5073509,long: -0.1277583"
3962,4.0,6.0,626 m²,3.0,2019-05-17,3750000.0,House,"lat: 51.5073509,long: -0.1277583"
3963,2.0,3.0,,1.0,2019-05-21,1795000.0,House,"lat: 51.5073509,long: -0.1277583"
3964,,2.0,90 m²,1.0,2019-01-08,950000.0,Townhouse,"lat: 51.5073509,long: -0.1277583"
3970,2.0,3.0,98 m²,,2019-01-14,1299999.0,Apartment / Flat,"lat: 51.5073509,long: -0.1277583"
3976,,2.0,50 m²,,2019-05-06,532760.0,House,"lat: 51.5073509,long: -0.1277583"
3980,1.0,2.0,,,2019-05-22,880000.0,Townhouse,"lat: 51.5073509,long: -0.1277583"
3985,,,,,2019-07-03,2750000.0,House,"lat: 51.5073509,long: -0.1277583"
3991,2.0,3.0,,2.0,2019-07-04,1895000.0,Townhouse,"lat: 51.5073509,long: -0.1277583"
3996,1.0,2.0,252 m²,,2019-08-30,230000.0,House,"lat: 51.5073509,long: -0.1277583"
3999,2.0,4.0,,3.0,2019-04-03,1850000.0,House,"lat: 51.5073509,long: -0.1277583"
